reporting_date,event_name,users,events,app_version
2018-06-12,Ad Viewed,60,630,"2.57,2.6.10,2.6.26,2.6.27,2.6.30,2.62"
2018-06-12,Level Start,289,3658,"2.2.5,2.52,2.57,2.58,2.59,2.6.10,2.6.21,2.6.24,2.6.25,2.6.26,2.6.27,2.6.29,2.6.30,2.60,2.62"
2018-06-12,Session Start,286,408,"2.2.5,2.52,2.57,2.58,2.59,2.6.10,2.6.21,2.6.24,2.6.25,2.6.26,2.6.27,2.6.29,2.6.30,2.60,2.62"
2018-06-13,Ad Viewed,125,928,"2.57,2.59,2.6.10,2.6.21,2.6.26,2.6.27,2.6.30,2.62"
2018-06-13,Level Start,463,4692,"2.2.5,2.4.1,2.5.5,2.52,2.57,2.58,2.59,2.6.10,2.6.21,2.6.22,2.6.24,2.6.26,2.6.27,2.6.29,2.6.30,2.6.7,2.60,2.62"
2018-06-13,Session Start,463,671,"2.2.5,2.4.1,2.5.5,2.52,2.57,2.58,2.59,2.6.10,2.6.21,2.6.22,2.6.24,2.6.26,2.6.27,2.6.29,2.6.30,2.6.7,2.60,2.62"
2018-06-14,Ad Viewed,98,654,"2.57,2.59,2.6.10,2.6.21,2.6.26,2.6.27,2.6.30,2.60,2.62"
2018-06-14,Level Start,435,4803,"2.5.5,2.52,2.57,2.58,2.59,2.6.10,2.6.21,2.6.22,2.6.25,2.6.26,2.6.27,2.6.29,2.6.30,2.6.8,2.60,2.62"
2018-06-14,Session Start,428,632,"2.5.5,2.52,2.57,2.58,2.59,2.6.10,2.6.21,2.6.22,2.6.25,2.6.26,2.6.27,2.6.29,2.6.30,2.6.8,2.60,2.62"
2018-06-15,Ad Viewed,116,1203,"2.57,2.59,2.6.10,2.6.21,2.6.26,2.6.27,2.6.30,2.62"
2018-06-15,Level Start,442,4851,"2.2.5,2.3.7,2.4.1,2.5.5,2.52,2.53,2.57,2.58,2.59,2.6.10,2.6.20,2.6.21,2.6.22,2.6.25,2.6.26,2.6.27,2.6.29,2.6.30,2.60,2.62"
2018-06-15,Session Start,445,684,"2.2.5,2.3.7,2.4.1,2.5.5,2.52,2.53,2.57,2.58,2.59,2.6.10,2.6.20,2.6.21,2.6.22,2.6.25,2.6.26,2.6.27,2.6.29,2.6.30,2.60,2.62"
2018-06-16,Ad Viewed,87,687,"2.57,2.58,2.59,2.6.10,2.6.26,2.6.27,2.6.30,2.62"
2018-06-16,Level Start,405,4050,"2.2.5,2.4.1,2.52,2.57,2.58,2.59,2.6.10,2.6.21,2.6.22,2.6.26,2.6.27,2.6.29,2.6.30,2.6.7,2.6.8,2.62"
2018-06-16,Session Start,404,603,"2.2.5,2.4.1,2.52,2.57,2.58,2.59,2.6.10,2.6.21,2.6.22,2.6.26,2.6.27,2.6.29,2.6.30,2.6.7,2.6.8,2.62"
2018-06-17,Ad Viewed,96,1075,"2.57,2.59,2.6.21,2.6.26,2.6.27,2.6.29,2.6.30,2.60,2.62"
2018-06-17,Level Start,395,5193,"2.2.5,2.4.1,2.5.5,2.50,2.57,2.58,2.59,2.6.10,2.6.21,2.6.22,2.6.24,2.6.25,2.6.26,2.6.27,2.6.29,2.6.30,2.60,2.62"
2018-06-17,Session Start,396,587,"2.2.5,2.4.1,2.5.5,2.50,2.57,2.58,2.59,2.6.10,2.6.21,2.6.22,2.6.24,2.6.25,2.6.26,2.6.27,2.6.29,2.6.30,2.60,2.62"
2018-06-18,Ad Viewed,50,366,"2.57,2.59,2.6.10,2.6.26,2.6.27,2.6.30,2.62"
2018-06-18,Level Start,505,7132,"2.0,2.2.5,2.5.5,2.52,2.53,2.57,2.58,2.59,2.6.10,2.6.20,2.6.21,2.6.22,2.6.25,2.6.26,2.6.27,2.6.29,2.6.30,2.60,2.62"
2018-06-18,Session Start,482,688,"2.0,2.2.5,2.5.5,2.52,2.53,2.57,2.58,2.59,2.6.10,2.6.21,2.6.22,2.6.25,2.6.26,2.6.27,2.6.29,2.6.30,2.60,2.62"
2018-06-19,Ad Viewed,13,58,"2.6.10,2.6.27,2.6.30,2.62"
2018-06-19,Level Start,579,7954,"2.0,2.2.5,2.3.7,2.4.1,2.5.5,2.52,2.57,2.58,2.59,2.6.10,2.6.20,2.6.21,2.6.22,2.6.24,2.6.25,2.6.26,2.6.27,2.6.29,2.6.30,2.62"
2018-06-19,Session Start,517,762,"2.0,2.2.5,2.4.1,2.5.5,2.52,2.53,2.57,2.58,2.59,2.6.10,2.6.20,2.6.21,2.6.22,2.6.24,2.6.25,2.6.26,2.6.27,2.6.29,2.6.30,2.62"
2018-06-20,Ad Viewed,69,478,"2.59,2.6.10,2.6.27,2.6.30,2.62"
2018-06-20,Level Start,452,8001,"2.0,2.2.5,2.4.1,2.5.5,2.50,2.52,2.53,2.57,2.58,2.59,2.6.10,2.6.21,2.6.22,2.6.26,2.6.27,2.6.29,2.6.30,2.6.8,2.60,2.62"
2018-06-20,Session Start,418,575,"2.0,2.2.5,2.4.1,2.5.5,2.50,2.52,2.53,2.57,2.58,2.59,2.6.10,2.6.22,2.6.26,2.6.27,2.6.29,2.6.30,2.62"
2018-06-21,Ad Viewed,84,422,"2.53,2.57,2.59,2.6.10,2.6.20,2.6.26,2.6.27,2.6.30,2.62"
2018-06-21,Level Start,343,5448,"2.2.5,2.41,2.50,2.52,2.53,2.57,2.58,2.59,2.6.10,2.6.20,2.6.22,2.6.26,2.6.27,2.6.29,2.6.30,2.6.9,2.62"
2018-06-21,Session Start,343,499,"2.2.5,2.41,2.50,2.52,2.53,2.57,2.58,2.59,2.6.10,2.6.20,2.6.22,2.6.26,2.6.27,2.6.29,2.6.30,2.6.9,2.62"
2018-06-22,Ad Viewed,93,621,"2.57,2.59,2.6.10,2.6.26,2.6.27,2.6.30,2.62"
2018-06-22,Level Start,375,5168,"2.2.5,2.41,2.52,2.53,2.57,2.59,2.6.10,2.6.21,2.6.22,2.6.26,2.6.27,2.6.29,2.6.30,2.60,2.62"
2018-06-22,Session Start,378,557,"2.2.5,2.41,2.52,2.53,2.57,2.59,2.6.10,2.6.21,2.6.22,2.6.26,2.6.27,2.6.29,2.6.30,2.60,2.62"
2018-06-23,Ad Viewed,117,712,"2.59,2.6.10,2.6.26,2.6.27,2.6.30,2.62"
2018-06-23,Level Start,400,5378,"2.41,2.52,2.53,2.57,2.58,2.59,2.6.10,2.6.21,2.6.22,2.6.26,2.6.27,2.6.30,2.6.8,2.62"
2018-06-23,Session Start,405,620,"2.41,2.52,2.53,2.57,2.58,2.59,2.6.10,2.6.21,2.6.22,2.6.26,2.6.27,2.6.30,2.6.8,2.62"
2018-06-24,Ad Viewed,107,629,"2.57,2.59,2.6.10,2.6.26,2.6.27,2.6.30,2.62"
2018-06-24,Level Start,369,4518,"2.0,2.2.5,2.3.7,2.57,2.58,2.59,2.6.10,2.6.22,2.6.26,2.6.27,2.6.29,2.6.30,2.62"
2018-06-24,Session Start,369,530,"2.0,2.2.5,2.3.7,2.57,2.58,2.59,2.6.10,2.6.22,2.6.26,2.6.27,2.6.29,2.6.30,2.62"
2018-06-25,Ad Viewed,42,219,"2.53,2.57,2.59,2.6.10,2.6.26,2.6.27,2.6.30,2.62"
2018-06-25,Level Start,671,7358,"2.0,2.2.5,2.3.7,2.4.1,2.5.5,2.50,2.52,2.53,2.57,2.58,2.59,2.6.10,2.6.21,2.6.22,2.6.24,2.6.25,2.6.26,2.6.27,2.6.29,2.6.30,2.6.7,2.6.8,2.62"
2018-06-25,Session Start,668,995,"2.0,2.2.5,2.3.7,2.4.1,2.5.5,2.50,2.52,2.53,2.57,2.58,2.59,2.6.10,2.6.21,2.6.22,2.6.24,2.6.25,2.6.26,2.6.27,2.6.29,2.6.30,2.6.7,2.6.8,2.62"
2018-06-26,Level Start,762,9752,"2.0,2.2.5,2.3.7,2.4.1,2.41,2.52,2.53,2.57,2.58,2.59,2.6.10,2.6.21,2.6.22,2.6.24,2.6.25,2.6.26,2.6.27,2.6.29,2.6.30,2.6.7,2.62"
2018-06-26,Session Start,755,1179,"2.0,2.2.5,2.3.7,2.4.1,2.41,2.52,2.53,2.57,2.58,2.59,2.6.10,2.6.21,2.6.22,2.6.24,2.6.25,2.6.26,2.6.27,2.6.29,2.6.30,2.6.7,2.62"
2018-06-27,Ad Viewed,68,263,"2.59,2.6.10,2.6.26,2.6.27,2.6.30,2.62"
2018-06-27,Level Start,528,5941,"2.2.5,2.4.1,2.41,2.52,2.53,2.57,2.58,2.59,2.6.10,2.6.21,2.6.22,2.6.26,2.6.27,2.6.29,2.6.30,2.6.9,2.62"
2018-06-27,Session Start,514,746,"2.2.5,2.4.1,2.41,2.52,2.53,2.57,2.58,2.59,2.6.10,2.6.21,2.6.22,2.6.26,2.6.27,2.6.29,2.6.30,2.6.9,2.62"
2018-06-28,Ad Viewed,45,332,"2.57,2.59,2.6.26,2.6.27,2.6.30,2.62"
2018-06-28,Level Start,662,8836,"2.2.5,2.3.7,2.4.1,2.41,2.50,2.52,2.53,2.57,2.58,2.59,2.6.10,2.6.21,2.6.22,2.6.24,2.6.25,2.6.26,2.6.27,2.6.29,2.6.30,2.6.7,2.62"
2018-06-28,Session Start,648,964,"2.2.5,2.3.7,2.4.1,2.41,2.50,2.52,2.53,2.57,2.58,2.59,2.6.10,2.6.22,2.6.24,2.6.25,2.6.26,2.6.27,2.6.29,2.6.30,2.6.7,2.62"
2018-06-29,Ad Viewed,89,360,"2.59,2.6.10,2.6.26,2.6.27,2.6.30,2.62"
2018-06-29,Level Start,580,6048,"2.4,2.4.1,2.52,2.53,2.57,2.58,2.59,2.6.10,2.6.21,2.6.22,2.6.24,2.6.26,2.6.27,2.6.29,2.6.30,2.6.7,2.62"
2018-06-29,Session Start,586,810,"2.2.5,2.4,2.4.1,2.52,2.53,2.57,2.58,2.59,2.6.10,2.6.21,2.6.22,2.6.24,2.6.26,2.6.27,2.6.29,2.6.30,2.6.7,2.62"
2018-06-30,Ad Viewed,56,275,"2.57,2.59,2.6.26,2.6.27,2.6.30,2.62"
2018-06-30,Level Start,693,7773,"2.2.5,2.4.1,2.41,2.52,2.53,2.57,2.58,2.59,2.6.10,2.6.21,2.6.22,2.6.24,2.6.25,2.6.26,2.6.27,2.6.29,2.6.30,2.6.8,2.62"
2018-06-30,Session Start,681,991,"2.2.5,2.4.1,2.41,2.52,2.53,2.57,2.58,2.59,2.6.10,2.6.21,2.6.22,2.6.25,2.6.26,2.6.27,2.6.29,2.6.30,2.6.8,2.62"
2018-07-01,Level Start,778,9856,"2.0,2.2.5,2.4.1,2.41,2.50,2.52,2.53,2.57,2.58,2.59,2.6.10,2.6.21,2.6.22,2.6.24,2.6.25,2.6.26,2.6.27,2.6.29,2.6.30,2.6.7,2.6.8,2.62"
2018-07-01,Session Start,779,1196,"2.0,2.2.5,2.4.1,2.41,2.50,2.52,2.53,2.57,2.58,2.59,2.6.10,2.6.21,2.6.22,2.6.24,2.6.25,2.6.26,2.6.27,2.6.29,2.6.30,2.6.7,2.6.8,2.62"
2018-07-02,Ad Viewed,85,435,"2.59,2.6.10,2.6.21,2.6.26,2.6.27,2.6.30,2.62"
2018-07-02,Level Start,563,6949,"2.0,2.2.5,2.4.1,2.41,2.5.5,2.52,2.53,2.57,2.58,2.59,2.6.10,2.6.21,2.6.22,2.6.24,2.6.26,2.6.27,2.6.29,2.6.30,2.6.8,2.62"
2018-07-02,Session Start,570,813,"2.0,2.2.5,2.4.1,2.41,2.5.5,2.52,2.53,2.57,2.58,2.59,2.6.10,2.6.21,2.6.22,2.6.24,2.6.26,2.6.27,2.6.29,2.6.30,2.6.8,2.62"
2018-07-03,Ad Viewed,116,602,"2.57,2.58,2.59,2.6.26,2.6.27,2.6.30,2.62"
2018-07-03,Level Start,383,4562,"2.4.1,2.41,2.52,2.53,2.57,2.58,2.59,2.6.10,2.6.21,2.6.22,2.6.25,2.6.26,2.6.27,2.6.29,2.6.30,2.6.6,2.6.7,2.62"
2018-07-03,Session Start,384,596,"2.4.1,2.41,2.52,2.53,2.57,2.58,2.59,2.6.10,2.6.21,2.6.22,2.6.25,2.6.26,2.6.27,2.6.29,2.6.30,2.6.6,2.6.7,2.62"
2018-07-04,Ad Viewed,108,559,"2.57,2.59,2.6.10,2.6.25,2.6.26,2.6.27,2.6.30,2.62"
2018-07-04,Level Start,364,4696,"2.52,2.53,2.57,2.59,2.6.10,2.6.22,2.6.25,2.6.26,2.6.27,2.6.29,2.6.30,2.6.7,2.60,2.62"
2018-07-04,Session Start,369,549,"2.52,2.53,2.57,2.59,2.6.10,2.6.22,2.6.25,2.6.26,2.6.27,2.6.29,2.6.30,2.6.7,2.60,2.62"
2018-07-05,Ad Viewed,107,539,"2.59,2.6.10,2.6.26,2.6.27,2.6.30,2.62"
2018-07-05,Level Start,387,5203,"2.2.5,2.3.7,2.41,2.57,2.58,2.59,2.6.10,2.6.22,2.6.25,2.6.26,2.6.27,2.6.30,2.62"
2018-07-05,Session Start,390,564,"2.2.5,2.3.7,2.41,2.57,2.58,2.59,2.6.10,2.6.22,2.6.25,2.6.26,2.6.27,2.6.30,2.62"
2018-07-06,Ad Viewed,110,462,"2.57,2.58,2.59,2.6.10,2.6.26,2.6.27,2.6.30,2.62"
2018-07-06,Level Start,370,4903,"2.2.5,2.50,2.52,2.53,2.57,2.58,2.59,2.6.10,2.6.21,2.6.22,2.6.24,2.6.26,2.6.27,2.6.29,2.6.30,2.6.6,2.62"
2018-07-06,Session Start,372,553,"2.2.5,2.50,2.52,2.53,2.57,2.58,2.59,2.6.10,2.6.21,2.6.22,2.6.24,2.6.26,2.6.27,2.6.29,2.6.30,2.6.6,2.62"
2018-07-07,Ad Viewed,114,600,"2.57,2.59,2.6.10,2.6.21,2.6.26,2.6.27,2.6.30,2.62"
2018-07-07,Level Start,399,5380,"2.52,2.53,2.57,2.58,2.59,2.6.10,2.6.21,2.6.22,2.6.25,2.6.26,2.6.27,2.6.29,2.6.30,2.6.7,2.6.8,2.62"
2018-07-07,Session Start,404,621,"2.52,2.53,2.57,2.58,2.59,2.6.10,2.6.21,2.6.22,2.6.25,2.6.26,2.6.27,2.6.29,2.6.30,2.6.7,2.6.8,2.62"
2018-07-08,Ad Viewed,106,537,"2.57,2.59,2.6.10,2.6.26,2.6.27,2.6.30,2.62"
2018-07-08,Level Start,359,4700,"2.2.5,2.4.1,2.53,2.57,2.58,2.59,2.6.10,2.6.21,2.6.22,2.6.26,2.6.27,2.6.30,2.62"
2018-07-08,Session Start,357,533,"2.2.5,2.4.1,2.53,2.57,2.58,2.59,2.6.10,2.6.21,2.6.22,2.6.26,2.6.27,2.6.30,2.62"
2018-07-09,Ad Viewed,106,463,"2.58,2.59,2.6.10,2.6.25,2.6.26,2.6.27,2.6.30,2.62"
2018-07-09,Level Start,373,5302,"2.2.5,2.5.5,2.50,2.52,2.53,2.57,2.58,2.59,2.6.10,2.6.21,2.6.22,2.6.25,2.6.26,2.6.27,2.6.29,2.6.30,2.62"
2018-07-09,Session Start,359,553,"2.2.5,2.5.5,2.50,2.52,2.53,2.57,2.58,2.59,2.6.10,2.6.21,2.6.22,2.6.25,2.6.26,2.6.27,2.6.29,2.6.30,2.62"
2018-07-10,Ad Viewed,133,657,"2.57,2.59,2.6.10,2.6.26,2.6.27,2.6.30,2.62"
2018-07-10,Level Start,400,5112,"2.3.7,2.4.1,2.41,2.52,2.57,2.58,2.59,2.6.10,2.6.22,2.6.26,2.6.27,2.6.30,2.62"
2018-07-10,Session Start,401,617,"2.3.7,2.41,2.52,2.57,2.58,2.59,2.6.10,2.6.22,2.6.26,2.6.27,2.6.30,2.62"
2018-07-11,Ad Viewed,109,749,"2.57,2.58,2.59,2.6.21,2.6.26,2.6.27,2.6.30,2.62"
2018-07-11,Level Start,370,5715,"2.2.5,2.4,2.52,2.57,2.58,2.59,2.6.10,2.6.21,2.6.22,2.6.24,2.6.26,2.6.27,2.6.30,2.62"
2018-07-11,Session Start,379,574,"2.2.5,2.4,2.52,2.57,2.58,2.59,2.6.10,2.6.21,2.6.22,2.6.24,2.6.26,2.6.27,2.6.30,2.60,2.62"
2018-07-12,Ad Viewed,119,603,"2.53,2.57,2.59,2.6.10,2.6.26,2.6.27,2.6.30,2.62"
2018-07-12,Level Start,411,4890,"2.41,2.52,2.53,2.57,2.58,2.59,2.6.10,2.6.21,2.6.22,2.6.26,2.6.27,2.6.29,2.6.30,2.62"
2018-07-12,Session Start,413,618,"2.41,2.52,2.53,2.57,2.58,2.59,2.6.10,2.6.21,2.6.22,2.6.26,2.6.27,2.6.29,2.6.30,2.62"
2018-07-13,Ad Viewed,125,567,"2.57,2.59,2.6.10,2.6.26,2.6.27,2.6.30,2.62"
2018-07-13,Level Start,416,4791,"2.52,2.57,2.58,2.59,2.6.10,2.6.21,2.6.22,2.6.24,2.6.25,2.6.26,2.6.27,2.6.30,2.60,2.62"
2018-07-13,Session Start,422,656,"2.52,2.57,2.58,2.59,2.6.10,2.6.21,2.6.22,2.6.24,2.6.25,2.6.26,2.6.27,2.6.30,2.60,2.62"
2018-07-14,Ad Viewed,113,654,"2.53,2.57,2.58,2.59,2.6.10,2.6.27,2.6.30,2.62"
2018-07-14,Level Start,357,5116,"2.3.7,2.4,2.52,2.53,2.57,2.58,2.59,2.6.10,2.6.22,2.6.26,2.6.27,2.6.30,2.62"
2018-07-14,Session Start,361,551,"2.3.7,2.4,2.52,2.53,2.57,2.58,2.59,2.6.10,2.6.22,2.6.24,2.6.26,2.6.27,2.6.30,2.62"
2018-07-15,Ad Viewed,112,787,"2.57,2.59,2.6.26,2.6.27,2.6.30,2.62"
2018-07-15,Level Start,367,5455,"2.2.5,2.4.1,2.41,2.50,2.57,2.59,2.6.10,2.6.21,2.6.22,2.6.26,2.6.27,2.6.30,2.62"
2018-07-15,Session Start,372,559,"2.2.5,2.4.1,2.41,2.50,2.57,2.59,2.6.10,2.6.21,2.6.22,2.6.26,2.6.27,2.6.30,2.62"
2018-07-16,Ad Viewed,93,539,"2.59,2.6.10,2.6.26,2.6.27,2.6.30,2.62"
2018-07-16,Level Start,351,4939,"2.2.5,2.52,2.57,2.58,2.59,2.6.10,2.6.21,2.6.22,2.6.26,2.6.27,2.6.30,2.6.31,2.62"
2018-07-16,Session Start,350,516,"2.2.5,2.52,2.57,2.58,2.59,2.6.10,2.6.21,2.6.22,2.6.26,2.6.27,2.6.30,2.6.31,2.62"
2018-07-17,Ad Viewed,104,798,"2.57,2.59,2.6.10,2.6.26,2.6.27,2.6.30,2.62"
2018-07-17,Level Start,344,6125,"2.41,2.50,2.52,2.53,2.57,2.58,2.59,2.6.10,2.6.22,2.6.26,2.6.27,2.6.30,2.62"
2018-07-17,Session Start,345,514,"2.4.1,2.41,2.50,2.52,2.53,2.57,2.58,2.59,2.6.10,2.6.22,2.6.26,2.6.27,2.6.30,2.6.31,2.62"
2018-07-18,Ad Viewed,98,676,"2.59,2.6.10,2.6.26,2.6.27,2.6.30,2.62"
2018-07-18,Level Start,338,4746,"2.2.5,2.50,2.52,2.53,2.57,2.58,2.59,2.6.10,2.6.22,2.6.24,2.6.26,2.6.27,2.6.30,2.6.31,2.62"
2018-07-18,Session Start,344,523,"2.2.5,2.50,2.52,2.53,2.57,2.58,2.59,2.6.10,2.6.22,2.6.24,2.6.26,2.6.27,2.6.30,2.6.31,2.62"
2018-07-19,Ad Viewed,91,884,"2.57,2.59,2.6.10,2.6.26,2.6.27,2.6.30,2.6.31,2.62"
2018-07-19,Level Start,318,5962,"2.2.5,2.41,2.50,2.52,2.53,2.57,2.58,2.59,2.6.10,2.6.22,2.6.24,2.6.25,2.6.26,2.6.27,2.6.30,2.6.31,2.62"
2018-07-19,Session Start,318,505,"2.2.5,2.41,2.50,2.52,2.53,2.57,2.58,2.59,2.6.10,2.6.22,2.6.24,2.6.25,2.6.26,2.6.27,2.6.30,2.6.31,2.62"
2018-07-20,Ad Viewed,108,764,"2.53,2.59,2.6.10,2.6.26,2.6.27,2.6.30,2.6.31,2.62"
2018-07-20,Level Start,377,5125,"2.3.7,2.52,2.53,2.57,2.59,2.6.10,2.6.21,2.6.22,2.6.26,2.6.27,2.6.30,2.6.31,2.60,2.62"
2018-07-20,Session Start,368,528,"2.3.7,2.52,2.53,2.57,2.59,2.6.10,2.6.21,2.6.22,2.6.26,2.6.27,2.6.30,2.6.31,2.60,2.62"
2018-07-21,Ad Viewed,117,666,"2.59,2.6.10,2.6.26,2.6.27,2.6.30,2.6.31,2.62"
2018-07-21,Level Start,421,5805,"2.0,2.2.5,2.4.1,2.41,2.52,2.53,2.57,2.59,2.6.10,2.6.20,2.6.21,2.6.22,2.6.26,2.6.27,2.6.29,2.6.30,2.6.31,2.6.9,2.62"
2018-07-21,Session Start,429,633,"2.0,2.2.5,2.4.1,2.52,2.53,2.57,2.59,2.6.10,2.6.20,2.6.21,2.6.22,2.6.24,2.6.26,2.6.27,2.6.29,2.6.30,2.6.31,2.6.9,2.62"
2018-07-22,Ad Viewed,117,687,"2.57,2.59,2.6.26,2.6.27,2.6.30,2.6.31,2.60,2.62"
2018-07-22,Level Start,382,5280,"2.2.5,2.3.7,2.4.1,2.5.5,2.52,2.53,2.57,2.59,2.6.10,2.6.20,2.6.22,2.6.26,2.6.27,2.6.30,2.6.31,2.6.8,2.60,2.62"
2018-07-22,Session Start,387,564,"2.2.5,2.3.7,2.4.1,2.5.5,2.52,2.53,2.57,2.59,2.6.10,2.6.20,2.6.22,2.6.26,2.6.27,2.6.30,2.6.31,2.6.8,2.60,2.62"
2018-07-23,Ad Viewed,115,642,"2.57,2.58,2.59,2.6.10,2.6.26,2.6.27,2.6.30,2.6.31,2.62"
2018-07-23,Level Start,397,4709,"2.0,2.2.5,2.41,2.52,2.53,2.57,2.58,2.59,2.6.10,2.6.21,2.6.22,2.6.24,2.6.26,2.6.27,2.6.30,2.6.31,2.6.9,2.62"
2018-07-23,Session Start,398,573,"2.0,2.2.5,2.41,2.52,2.53,2.57,2.58,2.59,2.6.10,2.6.21,2.6.22,2.6.24,2.6.26,2.6.27,2.6.30,2.6.31,2.6.9,2.62"
2018-07-24,Ad Viewed,108,789,"2.59,2.6.10,2.6.26,2.6.27,2.6.30,2.6.31,2.60,2.62"
2018-07-24,Level Start,386,5136,"2.2.5,2.4.1,2.41,2.52,2.53,2.57,2.58,2.59,2.6.10,2.6.22,2.6.26,2.6.27,2.6.29,2.6.30,2.6.31,2.6.8,2.60,2.62"
2018-07-24,Session Start,389,587,"2.2.5,2.4.1,2.41,2.52,2.53,2.57,2.58,2.59,2.6.10,2.6.22,2.6.26,2.6.27,2.6.29,2.6.30,2.6.31,2.6.8,2.60,2.62"
2018-07-25,Ad Viewed,119,744,"2.57,2.59,2.6.10,2.6.21,2.6.27,2.6.30,2.6.31,2.62"
2018-07-25,Level Start,365,4896,"2.41,2.52,2.53,2.57,2.59,2.6.10,2.6.21,2.6.22,2.6.26,2.6.27,2.6.29,2.6.30,2.6.31,2.6.8,2.62"
2018-07-25,Session Start,366,543,"2.41,2.52,2.53,2.57,2.59,2.6.10,2.6.21,2.6.22,2.6.26,2.6.27,2.6.29,2.6.30,2.6.31,2.6.8,2.62"
2018-07-26,Ad Viewed,107,733,"2.57,2.58,2.59,2.6.10,2.6.26,2.6.27,2.6.30,2.6.31,2.62"
2018-07-26,Level Start,369,5100,"2.41,2.57,2.58,2.59,2.6.10,2.6.22,2.6.26,2.6.27,2.6.29,2.6.30,2.6.31,2.6.6,2.6.8,2.6.9,2.62"
2018-07-26,Session Start,366,546,"2.41,2.57,2.58,2.59,2.6.10,2.6.22,2.6.26,2.6.27,2.6.29,2.6.30,2.6.31,2.6.6,2.6.8,2.6.9,2.62"
2018-07-27,Ad Viewed,131,691,"2.57,2.59,2.6.10,2.6.26,2.6.27,2.6.30,2.6.31,2.62"
2018-07-27,Level Start,396,4833,"2.2.5,2.5.5,2.52,2.57,2.59,2.6.10,2.6.22,2.6.26,2.6.27,2.6.30,2.6.31,2.62"
2018-07-27,Session Start,404,590,"2.2.5,2.5.5,2.52,2.57,2.59,2.6.10,2.6.22,2.6.26,2.6.27,2.6.30,2.6.31,2.62"
2018-07-28,Ad Viewed,129,659,"2.59,2.6.10,2.6.26,2.6.27,2.6.30,2.6.31,2.62"
2018-07-28,Level Start,411,4926,"2.2.5,2.4,2.52,2.57,2.59,2.6.10,2.6.21,2.6.22,2.6.26,2.6.27,2.6.29,2.6.30,2.6.31,2.6.8,2.62"
2018-07-28,Session Start,417,620,"2.2.5,2.4,2.52,2.57,2.59,2.6.10,2.6.21,2.6.22,2.6.26,2.6.27,2.6.29,2.6.30,2.6.31,2.6.8,2.62"
2018-07-29,Ad Viewed,109,782,"2.57,2.58,2.59,2.6.10,2.6.27,2.6.30,2.6.31,2.62"
2018-07-29,Level Start,441,5559,"2.2.5,2.4,2.4.1,2.41,2.50,2.52,2.57,2.58,2.59,2.6.10,2.6.21,2.6.22,2.6.26,2.6.27,2.6.30,2.6.31,2.6.8,2.62"
2018-07-29,Session Start,443,648,"2.2.5,2.4,2.4.1,2.41,2.50,2.52,2.57,2.58,2.59,2.6.10,2.6.21,2.6.22,2.6.26,2.6.27,2.6.30,2.6.31,2.6.8,2.62"
2018-07-30,Ad Viewed,129,672,"2.57,2.59,2.6.10,2.6.26,2.6.27,2.6.30,2.6.31,2.62"
2018-07-30,Level Start,450,5405,"2.2.5,2.3.7,2.4.1,2.41,2.52,2.53,2.57,2.58,2.59,2.6.10,2.6.21,2.6.22,2.6.26,2.6.27,2.6.29,2.6.30,2.6.31,2.62"
2018-07-30,Session Start,458,677,"2.2.5,2.3.7,2.4.1,2.41,2.52,2.53,2.57,2.58,2.59,2.6.10,2.6.21,2.6.22,2.6.26,2.6.27,2.6.29,2.6.30,2.6.31,2.62"
2018-07-31,Ad Viewed,107,588,"2.59,2.6.10,2.6.26,2.6.27,2.6.30,2.6.31,2.62"
2018-07-31,Level Start,366,4233,"2.2.5,2.50,2.52,2.53,2.57,2.59,2.6.10,2.6.21,2.6.22,2.6.26,2.6.27,2.6.30,2.6.31,2.60,2.62"
2018-07-31,Session Start,376,556,"2.2.5,2.50,2.52,2.53,2.57,2.59,2.6.10,2.6.21,2.6.22,2.6.26,2.6.27,2.6.30,2.6.31,2.60,2.62"
2018-08-01,Ad Viewed,114,688,"2.57,2.59,2.6.10,2.6.26,2.6.27,2.6.30,2.6.31,2.62"
2018-08-01,Level Start,386,5554,"2.3.7,2.50,2.53,2.57,2.59,2.6.10,2.6.21,2.6.22,2.6.26,2.6.27,2.6.30,2.6.31,2.6.8,2.62"
2018-08-01,Session Start,395,616,"2.2.5,2.3.7,2.50,2.53,2.57,2.59,2.6.10,2.6.21,2.6.22,2.6.26,2.6.27,2.6.30,2.6.31,2.6.8,2.62"
2018-08-02,Ad Viewed,113,592,"2.57,2.59,2.6.10,2.6.21,2.6.26,2.6.27,2.6.30,2.6.31,2.62"
2018-08-02,Level Start,433,5206,"2.2.5,2.50,2.52,2.57,2.58,2.59,2.6.10,2.6.21,2.6.22,2.6.26,2.6.27,2.6.29,2.6.30,2.6.31,2.62"
2018-08-02,Session Start,429,658,"2.2.5,2.50,2.52,2.57,2.58,2.59,2.6.10,2.6.21,2.6.22,2.6.26,2.6.27,2.6.29,2.6.30,2.6.31,2.62"
2018-08-03,Ad Viewed,129,630,"2.59,2.6.10,2.6.21,2.6.26,2.6.27,2.6.30,2.6.31,2.62"
2018-08-03,Level Start,462,5314,"2.0,2.4,2.4.1,2.5.5,2.50,2.52,2.57,2.58,2.59,2.6.10,2.6.21,2.6.22,2.6.25,2.6.26,2.6.27,2.6.30,2.6.31,2.62"
2018-08-03,Session Start,468,671,"2.0,2.4.1,2.5.5,2.50,2.52,2.57,2.58,2.59,2.6.10,2.6.21,2.6.22,2.6.25,2.6.26,2.6.27,2.6.30,2.6.31,2.62"
2018-08-04,Ad Viewed,140,593,"2.53,2.57,2.58,2.59,2.6.26,2.6.27,2.6.30,2.6.31,2.62"
2018-08-04,Level Start,472,5713,"2.0,2.2.5,2.3.7,2.52,2.53,2.57,2.58,2.59,2.6.10,2.6.21,2.6.22,2.6.24,2.6.26,2.6.27,2.6.29,2.6.30,2.6.31,2.62"
2018-08-04,Session Start,482,710,"2.0,2.2.5,2.4.1,2.52,2.53,2.57,2.58,2.59,2.6.10,2.6.21,2.6.22,2.6.24,2.6.26,2.6.27,2.6.29,2.6.30,2.6.31,2.62"
2018-08-05,Ad Viewed,125,828,"2.53,2.57,2.59,2.6.10,2.6.26,2.6.27,2.6.30,2.6.31,2.62"
2018-08-05,Level Start,460,5453,"2.2.5,2.41,2.50,2.52,2.53,2.57,2.58,2.59,2.6.10,2.6.21,2.6.22,2.6.26,2.6.27,2.6.29,2.6.30,2.6.31,2.6.9,2.62"
2018-08-05,Session Start,459,672,"2.2.5,2.41,2.50,2.52,2.53,2.57,2.58,2.59,2.6.10,2.6.21,2.6.22,2.6.26,2.6.27,2.6.29,2.6.30,2.6.31,2.6.9,2.62"
2018-08-06,Ad Viewed,132,782,"2.57,2.59,2.6.10,2.6.26,2.6.27,2.6.30,2.6.31,2.62"
2018-08-06,Level Start,453,4954,"2.4.1,2.50,2.52,2.53,2.57,2.58,2.59,2.6.10,2.6.21,2.6.22,2.6.24,2.6.26,2.6.27,2.6.29,2.6.30,2.6.31,2.6.6,2.6.8,2.60,2.62"
2018-08-06,Session Start,460,667,"2.4,2.4.1,2.50,2.52,2.53,2.57,2.58,2.59,2.6.10,2.6.21,2.6.22,2.6.24,2.6.26,2.6.27,2.6.29,2.6.30,2.6.31,2.6.6,2.6.8,2.60,2.62"
2018-08-07,Ad Viewed,110,644,"2.57,2.58,2.59,2.6.27,2.6.30,2.6.31,2.62"
2018-08-07,Level Start,412,4690,"2.2.5,2.3.7,2.4.1,2.41,2.5.5,2.52,2.57,2.58,2.59,2.6.10,2.6.21,2.6.22,2.6.26,2.6.27,2.6.29,2.6.30,2.6.31,2.62"
2018-08-07,Session Start,414,589,"2.2.5,2.3.7,2.4.1,2.41,2.5.5,2.52,2.57,2.58,2.59,2.6.10,2.6.21,2.6.22,2.6.26,2.6.27,2.6.29,2.6.30,2.6.31,2.62"
2018-08-08,Ad Viewed,135,946,"2.57,2.59,2.6.10,2.6.26,2.6.27,2.6.30,2.6.31,2.62"
2018-08-08,Level Start,443,5455,"2.2.5,2.4.1,2.50,2.52,2.53,2.57,2.58,2.59,2.6.10,2.6.21,2.6.22,2.6.25,2.6.26,2.6.27,2.6.29,2.6.30,2.6.31,2.6.8,2.62"
2018-08-08,Session Start,454,665,"2.2.5,2.4.1,2.50,2.52,2.53,2.57,2.58,2.59,2.6.10,2.6.21,2.6.22,2.6.25,2.6.26,2.6.27,2.6.29,2.6.30,2.6.31,2.6.8,2.62"
2018-08-09,Ad Viewed,122,598,"2.57,2.59,2.6.10,2.6.21,2.6.26,2.6.27,2.6.30,2.6.31,2.60,2.62"
2018-08-09,Level Start,434,4678,"2.2.5,2.3.7,2.52,2.53,2.57,2.58,2.59,2.6.10,2.6.21,2.6.22,2.6.26,2.6.27,2.6.30,2.6.31,2.6.8,2.60,2.62"
2018-08-09,Session Start,441,629,"2.2.5,2.3.7,2.41,2.52,2.53,2.57,2.58,2.59,2.6.10,2.6.21,2.6.22,2.6.26,2.6.27,2.6.30,2.6.31,2.6.8,2.60,2.62"
2018-08-10,Ad Viewed,108,631,"2.57,2.59,2.6.10,2.6.27,2.6.30,2.6.31,2.62"
2018-08-10,Level Start,345,4792,"2.2.5,2.3.7,2.4.1,2.57,2.59,2.6.10,2.6.21,2.6.22,2.6.26,2.6.27,2.6.30,2.6.31,2.6.7,2.62"
2018-08-10,Session Start,357,522,"2.2.5,2.3.7,2.4.1,2.57,2.59,2.6.10,2.6.21,2.6.22,2.6.26,2.6.27,2.6.30,2.6.31,2.6.7,2.62"
2018-08-11,Ad Viewed,103,649,"2.59,2.6.10,2.6.21,2.6.26,2.6.27,2.6.30,2.6.31,2.62"
2018-08-11,Level Start,367,4881,"2.2.5,2.41,2.52,2.53,2.57,2.58,2.59,2.6.10,2.6.21,2.6.22,2.6.26,2.6.27,2.6.30,2.6.31,2.60,2.62"
2018-08-11,Session Start,374,548,"2.2.5,2.41,2.52,2.53,2.57,2.58,2.59,2.6.10,2.6.21,2.6.22,2.6.26,2.6.27,2.6.30,2.6.31,2.60,2.62"
2018-08-12,Ad Viewed,127,679,"2.57,2.59,2.6.10,2.6.21,2.6.26,2.6.27,2.6.30,2.6.31,2.62"
2018-08-12,Level Start,394,4996,"2.2.5,2.5.5,2.50,2.52,2.53,2.57,2.59,2.6.10,2.6.21,2.6.22,2.6.25,2.6.26,2.6.27,2.6.30,2.6.31,2.62"
2018-08-12,Session Start,403,609,"2.2.5,2.41,2.5.5,2.50,2.52,2.53,2.57,2.59,2.6.10,2.6.21,2.6.22,2.6.25,2.6.26,2.6.27,2.6.30,2.6.31,2.62"
2018-08-13,Ad Viewed,126,759,"2.57,2.59,2.6.10,2.6.26,2.6.27,2.6.30,2.6.31,2.62"
2018-08-13,Level Start,433,4620,"2.2.5,2.4,2.41,2.5.5,2.52,2.57,2.58,2.59,2.6.10,2.6.21,2.6.22,2.6.24,2.6.26,2.6.27,2.6.29,2.6.30,2.6.31,2.6.8,2.62"
2018-08-13,Session Start,441,640,"2.2.5,2.4,2.41,2.46,2.5.5,2.52,2.57,2.58,2.59,2.6.10,2.6.21,2.6.22,2.6.24,2.6.26,2.6.27,2.6.29,2.6.30,2.6.31,2.6.8,2.62"
2018-08-14,Ad Viewed,116,765,"2.57,2.59,2.6.10,2.6.26,2.6.27,2.6.30,2.6.31,2.62"
2018-08-14,Level Start,433,5339,"2.5.5,2.50,2.52,2.53,2.57,2.58,2.59,2.6.10,2.6.21,2.6.22,2.6.24,2.6.26,2.6.27,2.6.30,2.6.31,2.6.8,2.62"
2018-08-14,Session Start,436,647,"2.5.5,2.50,2.52,2.53,2.57,2.58,2.59,2.6.10,2.6.21,2.6.22,2.6.24,2.6.26,2.6.27,2.6.30,2.6.31,2.6.8,2.62"
2018-08-15,Ad Viewed,100,699,"2.59,2.6.10,2.6.21,2.6.26,2.6.27,2.6.30,2.6.31,2.62"
2018-08-15,Level Start,360,5936,"2.4,2.41,2.5.5,2.52,2.53,2.57,2.58,2.59,2.6.10,2.6.21,2.6.22,2.6.24,2.6.26,2.6.27,2.6.30,2.6.31,2.6.8,2.60,2.62"
2018-08-15,Session Start,367,589,"2.4,2.41,2.5.5,2.52,2.53,2.57,2.58,2.59,2.6.10,2.6.21,2.6.22,2.6.24,2.6.26,2.6.27,2.6.30,2.6.31,2.6.7,2.6.8,2.60,2.62"
2018-08-16,Ad Viewed,107,778,"2.57,2.59,2.6.10,2.6.26,2.6.27,2.6.30,2.6.31,2.62"
2018-08-16,Level Start,393,4857,"2.2.5,2.3.7,2.5.5,2.52,2.53,2.57,2.59,2.6.10,2.6.21,2.6.22,2.6.24,2.6.26,2.6.27,2.6.29,2.6.30,2.6.31,2.6.8,2.62"
2018-08-16,Session Start,407,599,"2.2.5,2.3.7,2.48,2.5.5,2.52,2.53,2.57,2.59,2.6.10,2.6.21,2.6.22,2.6.24,2.6.26,2.6.27,2.6.29,2.6.30,2.6.31,2.6.8,2.62"
2018-08-17,Ad Viewed,100,735,"2.57,2.59,2.6.10,2.6.21,2.6.26,2.6.27,2.6.30,2.6.31,2.62"
2018-08-17,Level Start,403,4741,"2.2.5,2.3.7,2.5.5,2.50,2.53,2.57,2.58,2.59,2.6.10,2.6.21,2.6.22,2.6.24,2.6.25,2.6.26,2.6.27,2.6.29,2.6.30,2.6.31,2.6.8,2.62"
2018-08-17,Session Start,411,616,"2.2.5,2.3.7,2.50,2.52,2.53,2.57,2.58,2.59,2.6.10,2.6.21,2.6.22,2.6.24,2.6.25,2.6.26,2.6.27,2.6.29,2.6.30,2.6.31,2.6.8,2.62"
2018-08-18,Ad Viewed,107,755,"2.59,2.6.10,2.6.21,2.6.26,2.6.27,2.6.30,2.6.31,2.62"
2018-08-18,Level Start,411,4624,"2.0,2.50,2.52,2.53,2.57,2.58,2.59,2.6.10,2.6.21,2.6.22,2.6.25,2.6.26,2.6.27,2.6.29,2.6.30,2.6.31,2.6.8,2.62"
2018-08-18,Session Start,420,636,"2.0,2.48,2.50,2.52,2.53,2.57,2.58,2.59,2.6.10,2.6.21,2.6.22,2.6.25,2.6.26,2.6.27,2.6.29,2.6.30,2.6.31,2.6.8,2.62"
2018-08-19,Ad Viewed,113,871,"2.53,2.59,2.6.10,2.6.21,2.6.26,2.6.27,2.6.30,2.6.31,2.62"
2018-08-19,Level Start,412,5018,"2.0,2.2.5,2.3.7,2.41,2.5.5,2.52,2.53,2.57,2.58,2.59,2.6.10,2.6.21,2.6.22,2.6.26,2.6.27,2.6.30,2.6.31,2.6.8,2.60,2.62"
2018-08-19,Session Start,410,604,"2.0,2.2.5,2.3.7,2.41,2.5.5,2.52,2.53,2.57,2.58,2.59,2.6.10,2.6.21,2.6.22,2.6.26,2.6.27,2.6.30,2.6.31,2.6.8,2.60,2.62"
2018-08-20,Ad Viewed,111,619,"2.57,2.59,2.6.10,2.6.21,2.6.26,2.6.27,2.6.30,2.6.31,2.62"
2018-08-20,Level Start,414,4712,"2.0,2.4.1,2.5.5,2.53,2.57,2.58,2.59,2.6.10,2.6.21,2.6.22,2.6.24,2.6.26,2.6.27,2.6.30,2.6.31,2.6.7,2.6.8,2.62"
2018-08-20,Session Start,420,614,"2.0,2.4.1,2.5.5,2.57,2.58,2.59,2.6.10,2.6.21,2.6.22,2.6.24,2.6.26,2.6.27,2.6.30,2.6.31,2.6.7,2.6.8,2.62"
2018-08-21,Ad Viewed,120,784,"2.57,2.59,2.6.10,2.6.21,2.6.26,2.6.27,2.6.30,2.6.31,2.62"
2018-08-21,Level Start,421,5457,"2.2.5,2.3.7,2.4,2.4.1,2.41,2.5.5,2.50,2.52,2.57,2.58,2.59,2.6.10,2.6.21,2.6.22,2.6.24,2.6.26,2.6.27,2.6.30,2.6.31,2.6.8,2.62"
2018-08-21,Session Start,428,649,"2.2.5,2.3.7,2.4,2.4.1,2.41,2.5.5,2.50,2.52,2.53,2.57,2.58,2.59,2.6.10,2.6.21,2.6.22,2.6.24,2.6.26,2.6.27,2.6.30,2.6.31,2.6.8,2.62"
2018-08-22,Ad Viewed,130,823,"2.59,2.6.10,2.6.21,2.6.26,2.6.27,2.6.30,2.6.31,2.62"
2018-08-22,Level Start,426,4983,"2.5.5,2.50,2.52,2.57,2.59,2.6.10,2.6.21,2.6.22,2.6.26,2.6.27,2.6.30,2.6.31,2.6.8,2.62"
2018-08-22,Session Start,420,635,"2.5.5,2.52,2.57,2.59,2.6.10,2.6.21,2.6.22,2.6.26,2.6.27,2.6.30,2.6.31,2.6.8,2.62"
2018-08-23,Ad Viewed,111,871,"2.53,2.57,2.59,2.6.10,2.6.21,2.6.25,2.6.26,2.6.27,2.6.30,2.6.31,2.62"
2018-08-23,Level Start,381,5160,"2.2.5,2.5.5,2.50,2.53,2.57,2.58,2.59,2.6.10,2.6.21,2.6.22,2.6.25,2.6.26,2.6.27,2.6.30,2.6.31,2.6.8,2.62"
2018-08-23,Session Start,387,597,"2.2.5,2.5.5,2.50,2.53,2.57,2.58,2.59,2.6.10,2.6.21,2.6.22,2.6.25,2.6.26,2.6.27,2.6.30,2.6.31,2.6.8,2.62"
2018-08-24,Ad Viewed,129,885,"2.57,2.59,2.6.10,2.6.25,2.6.26,2.6.27,2.6.30,2.6.31,2.62"
2018-08-24,Level Start,406,4567,"2.2.5,2.4.1,2.5.5,2.57,2.59,2.6.10,2.6.21,2.6.22,2.6.24,2.6.25,2.6.26,2.6.27,2.6.29,2.6.30,2.6.31,2.6.8,2.62"
2018-08-24,Session Start,414,614,"2.2.5,2.4.1,2.48,2.5.5,2.57,2.59,2.6.10,2.6.21,2.6.22,2.6.24,2.6.25,2.6.26,2.6.27,2.6.29,2.6.30,2.6.31,2.6.8,2.62"
2018-08-25,Ad Viewed,116,659,"2.53,2.57,2.59,2.6.10,2.6.25,2.6.26,2.6.27,2.6.30,2.6.31,2.62"
2018-08-25,Level Start,435,4738,"2.2.5,2.3.7,2.5.5,2.52,2.53,2.57,2.58,2.59,2.6.10,2.6.21,2.6.22,2.6.25,2.6.26,2.6.27,2.6.30,2.6.31,2.6.8,2.62"
2018-08-25,Session Start,444,652,"2.2.5,2.3.7,2.5.5,2.52,2.53,2.57,2.58,2.59,2.6.10,2.6.21,2.6.22,2.6.25,2.6.26,2.6.27,2.6.30,2.6.31,2.6.8,2.62"
2018-08-26,Ad Viewed,125,944,"2.57,2.59,2.6.10,2.6.26,2.6.27,2.6.31,2.62"
2018-08-26,Level Start,425,5452,"2.2.5,2.5.5,2.52,2.57,2.58,2.59,2.6.10,2.6.22,2.6.26,2.6.27,2.6.30,2.6.31,2.6.7,2.6.8,2.62"
2018-08-26,Session Start,432,646,"2.2.5,2.52,2.57,2.58,2.59,2.6.10,2.6.22,2.6.26,2.6.27,2.6.30,2.6.31,2.6.7,2.6.8,2.62"
2018-08-27,Ad Viewed,118,670,"2.57,2.59,2.6.10,2.6.21,2.6.26,2.6.27,2.6.31,2.62"
2018-08-27,Level Start,405,4646,"2.2.5,2.4.1,2.41,2.48,2.52,2.53,2.57,2.59,2.6.10,2.6.21,2.6.22,2.6.24,2.6.26,2.6.27,2.6.30,2.6.31,2.6.8,2.62"
2018-08-27,Session Start,405,629,"2.2.5,2.4.1,2.41,2.48,2.52,2.53,2.57,2.59,2.6.10,2.6.21,2.6.22,2.6.24,2.6.26,2.6.27,2.6.30,2.6.31,2.6.8,2.62"
2018-08-28,Ad Viewed,122,855,"2.53,2.59,2.6.26,2.6.27,2.6.30,2.6.31,2.62"
2018-08-28,Level Start,425,5072,"2.2.5,2.4.1,2.53,2.57,2.58,2.59,2.6.10,2.6.22,2.6.26,2.6.27,2.6.30,2.6.31,2.6.8,2.62"
2018-08-28,Session Start,426,661,"2.2.5,2.4.1,2.53,2.57,2.58,2.59,2.6.10,2.6.22,2.6.26,2.6.27,2.6.30,2.6.31,2.6.8,2.62"
2018-08-29,Ad Viewed,126,815,"2.57,2.59,2.6.10,2.6.26,2.6.27,2.6.30,2.6.31,2.62"
2018-08-29,Level Start,453,5865,"2.0,2.2.5,2.3.7,2.4.1,2.5.5,2.57,2.58,2.59,2.6.10,2.6.21,2.6.22,2.6.25,2.6.26,2.6.27,2.6.30,2.6.31,2.6.8,2.62"
2018-08-29,Session Start,462,697,"2.0,2.2.5,2.3.7,2.4.1,2.5.5,2.57,2.58,2.59,2.6.10,2.6.21,2.6.22,2.6.25,2.6.26,2.6.27,2.6.30,2.6.31,2.6.8,2.62"
2018-08-30,Ad Viewed,132,751,"2.57,2.58,2.59,2.6.10,2.6.24,2.6.25,2.6.26,2.6.27,2.6.30,2.6.31,2.62"
2018-08-30,Level Start,419,4554,"2.2.5,2.4.1,2.52,2.57,2.58,2.59,2.6.10,2.6.21,2.6.22,2.6.24,2.6.25,2.6.26,2.6.27,2.6.30,2.6.31,2.6.8,2.62"
2018-08-30,Session Start,431,674,"2.2.5,2.4.1,2.52,2.57,2.58,2.59,2.6.10,2.6.21,2.6.22,2.6.24,2.6.25,2.6.26,2.6.27,2.6.30,2.6.31,2.6.8,2.62"
2018-08-31,Ad Viewed,134,1058,"2.59,2.6.26,2.6.27,2.6.30,2.6.31,2.62"
2018-08-31,Level Start,428,4875,"2.2.5,2.41,2.52,2.57,2.58,2.59,2.6.10,2.6.22,2.6.26,2.6.27,2.6.30,2.6.31,2.6.8,2.62"
2018-08-31,Session Start,432,622,"2.2.5,2.41,2.52,2.57,2.58,2.59,2.6.10,2.6.22,2.6.26,2.6.27,2.6.30,2.6.31,2.6.8,2.62"
2018-09-01,Ad Viewed,128,763,"2.57,2.59,2.6.10,2.6.26,2.6.27,2.6.31,2.62"
2018-09-01,Level Start,404,4344,"2.2.5,2.4.1,2.41,2.5.5,2.50,2.52,2.57,2.58,2.59,2.6.10,2.6.22,2.6.26,2.6.27,2.6.30,2.6.31,2.6.8,2.62"
2018-09-01,Session Start,406,588,"2.2.5,2.4.1,2.41,2.5.5,2.50,2.52,2.57,2.58,2.59,2.6.10,2.6.22,2.6.26,2.6.27,2.6.30,2.6.31,2.6.8,2.62"
2018-09-02,Ad Viewed,131,1437,"2.59,2.6.10,2.6.21,2.6.26,2.6.27,2.6.30,2.6.31,2.62"
2018-09-02,Level Start,459,5066,"2.2.5,2.4,2.5.5,2.52,2.57,2.59,2.6.10,2.6.21,2.6.22,2.6.24,2.6.26,2.6.27,2.6.30,2.6.31,2.6.8,2.62"
2018-09-02,Session Start,455,625,"2.2.5,2.4,2.5.5,2.52,2.57,2.59,2.6.10,2.6.21,2.6.22,2.6.24,2.6.26,2.6.27,2.6.30,2.6.31,2.6.8,2.62"
2018-09-03,Ad Viewed,137,894,"2.59,2.6.10,2.6.26,2.6.27,2.6.30,2.6.31,2.62"
2018-09-03,Level Start,453,4264,"2.0,2.4.1,2.5.5,2.52,2.57,2.58,2.59,2.6.10,2.6.22,2.6.26,2.6.27,2.6.30,2.6.31,2.6.8,2.62"
2018-09-03,Session Start,453,645,"2.0,2.4.1,2.5.5,2.52,2.57,2.58,2.59,2.6.10,2.6.22,2.6.26,2.6.27,2.6.30,2.6.31,2.6.8,2.62"
2018-09-04,Ad Viewed,125,1033,"2.57,2.59,2.6.10,2.6.21,2.6.26,2.6.27,2.6.30,2.6.31,2.62"
2018-09-04,Level Start,467,5337,"2.2.5,2.50,2.52,2.53,2.57,2.59,2.6.10,2.6.21,2.6.22,2.6.24,2.6.25,2.6.26,2.6.27,2.6.29,2.6.30,2.6.31,2.6.8,2.62"
2018-09-04,Session Start,471,654,"2.2.5,2.50,2.52,2.53,2.57,2.59,2.6.10,2.6.21,2.6.22,2.6.24,2.6.25,2.6.26,2.6.27,2.6.29,2.6.30,2.6.31,2.6.8,2.62"
2018-09-05,Ad Viewed,123,618,"2.59,2.6.21,2.6.26,2.6.27,2.6.30,2.6.31,2.62"
2018-09-05,Level Start,473,4450,"2.2.5,2.3.7,2.4.1,2.41,2.50,2.52,2.58,2.59,2.6.10,2.6.21,2.6.22,2.6.25,2.6.26,2.6.27,2.6.30,2.6.31,2.60,2.62"
2018-09-05,Session Start,477,721,"2.2.5,2.3.7,2.4.1,2.41,2.50,2.52,2.58,2.59,2.6.10,2.6.21,2.6.22,2.6.25,2.6.26,2.6.27,2.6.30,2.6.31,2.60,2.62"
2018-09-06,Ad Viewed,112,910,"2.59,2.6.10,2.6.21,2.6.26,2.6.27,2.6.30,2.6.31,2.62"
2018-09-06,Level Start,463,4209,"2.2.5,2.41,2.52,2.53,2.57,2.59,2.6.10,2.6.21,2.6.22,2.6.25,2.6.26,2.6.27,2.6.30,2.6.31,2.6.8,2.60,2.62"
2018-09-06,Session Start,471,709,"2.2.5,2.3.7,2.4.1,2.41,2.52,2.53,2.57,2.59,2.6.10,2.6.21,2.6.22,2.6.25,2.6.26,2.6.27,2.6.30,2.6.31,2.6.7,2.6.8,2.60,2.62"
2018-09-07,Ad Viewed,122,1240,"2.57,2.59,2.6.10,2.6.21,2.6.26,2.6.27,2.6.30,2.6.31,2.62"
2018-09-07,Level Start,485,4883,"2.0,2.2.5,2.4.1,2.41,2.52,2.57,2.59,2.6.10,2.6.21,2.6.22,2.6.24,2.6.26,2.6.27,2.6.30,2.6.31,2.62"
2018-09-07,Session Start,489,710,"2.0,2.2.5,2.4.1,2.41,2.52,2.57,2.59,2.6.10,2.6.21,2.6.22,2.6.24,2.6.26,2.6.27,2.6.30,2.6.31,2.62"
2018-09-08,Ad Viewed,120,809,"2.57,2.6.10,2.6.26,2.6.27,2.6.30,2.6.31,2.62"
2018-09-08,Level Start,489,4485,"2.2.5,2.4.1,2.41,2.5.5,2.52,2.57,2.58,2.59,2.6.10,2.6.21,2.6.22,2.6.26,2.6.27,2.6.30,2.6.31,2.6.8,2.62"
2018-09-08,Session Start,486,695,"2.2.5,2.4.1,2.41,2.5.5,2.52,2.57,2.58,2.59,2.6.10,2.6.21,2.6.22,2.6.26,2.6.27,2.6.30,2.6.31,2.6.8,2.62"
2018-09-09,Ad Viewed,121,648,"2.57,2.59,2.6.10,2.6.21,2.6.26,2.6.27,2.6.30,2.6.31,2.62"
2018-09-09,Level Start,527,4642,"2.2.5,2.5.5,2.52,2.57,2.58,2.59,2.6.10,2.6.21,2.6.22,2.6.24,2.6.26,2.6.27,2.6.30,2.6.31,2.6.8,2.62"
2018-09-09,Session Start,525,708,"2.2.5,2.5.5,2.52,2.57,2.58,2.59,2.6.10,2.6.21,2.6.22,2.6.24,2.6.26,2.6.27,2.6.30,2.6.31,2.6.8,2.62"
2018-09-10,Ad Viewed,149,925,"2.57,2.59,2.6.10,2.6.21,2.6.26,2.6.27,2.6.30,2.6.31,2.62"
2018-09-10,Level Start,535,5226,"2.2.5,2.41,2.52,2.53,2.57,2.59,2.6.10,2.6.21,2.6.22,2.6.26,2.6.27,2.6.29,2.6.30,2.6.31,2.62"
2018-09-10,Session Start,535,752,"2.2.5,2.41,2.52,2.53,2.57,2.59,2.6.10,2.6.21,2.6.22,2.6.26,2.6.27,2.6.29,2.6.30,2.6.31,2.62"
2018-09-11,Ad Viewed,113,677,"2.57,2.59,2.6.10,2.6.25,2.6.26,2.6.27,2.6.30,2.6.31,2.62"
2018-09-11,Level Start,462,4278,"2.3.7,2.53,2.57,2.58,2.59,2.6.10,2.6.21,2.6.22,2.6.25,2.6.26,2.6.27,2.6.30,2.6.31,2.62"
2018-09-11,Session Start,466,650,"2.3.7,2.53,2.57,2.58,2.59,2.6.10,2.6.21,2.6.22,2.6.25,2.6.26,2.6.27,2.6.30,2.6.31,2.62"
2018-09-12,Ad Viewed,122,597,"2.57,2.59,2.6.21,2.6.26,2.6.27,2.6.30,2.6.31,2.62"
2018-09-12,Level Start,500,4665,"2.0,2.2.5,2.3.7,2.4.1,2.50,2.52,2.53,2.57,2.58,2.59,2.6.10,2.6.21,2.6.22,2.6.26,2.6.27,2.6.29,2.6.30,2.6.31,2.6.8,2.62"
2018-09-12,Session Start,502,753,"2.0,2.2.5,2.3.7,2.4.1,2.50,2.52,2.53,2.57,2.58,2.59,2.6.10,2.6.21,2.6.22,2.6.26,2.6.27,2.6.29,2.6.30,2.6.31,2.6.8,2.62"
2018-09-13,Ad Viewed,118,568,"2.57,2.59,2.6.10,2.6.26,2.6.27,2.6.30,2.6.31,2.62"
2018-09-13,Level Start,500,4462,"2.2.5,2.3.7,2.4.1,2.41,2.5.5,2.50,2.52,2.53,2.57,2.58,2.59,2.6.10,2.6.21,2.6.22,2.6.24,2.6.26,2.6.27,2.6.30,2.6.31,2.6.8,2.62"
2018-09-13,Session Start,499,707,"2.2.5,2.3.7,2.4.1,2.41,2.5.5,2.50,2.52,2.53,2.57,2.58,2.59,2.6.10,2.6.21,2.6.22,2.6.24,2.6.26,2.6.27,2.6.30,2.6.31,2.6.8,2.62"
2018-09-14,Ad Viewed,121,545,"2.6.26,2.6.27,2.6.30,2.6.31,2.62"
2018-09-14,Level Start,440,4713,"2.3.7,2.4,2.4.1,2.5.5,2.52,2.57,2.59,2.6.10,2.6.21,2.6.22,2.6.25,2.6.26,2.6.27,2.6.30,2.6.31,2.6.8,2.62"
2018-09-14,Session Start,446,622,"2.3.7,2.4,2.4.1,2.5.5,2.52,2.57,2.59,2.6.10,2.6.21,2.6.22,2.6.25,2.6.26,2.6.27,2.6.30,2.6.31,2.6.8,2.62"
2018-09-15,Ad Viewed,89,375,"2.57,2.6.10,2.6.21,2.6.26,2.6.27,2.6.30,2.6.31,2.62"
2018-09-15,Level Start,462,4559,"2.2.5,2.4.1,2.50,2.52,2.57,2.58,2.59,2.6.10,2.6.21,2.6.22,2.6.26,2.6.27,2.6.30,2.6.31,2.6.6,2.6.8,2.62"
2018-09-15,Session Start,465,625,"2.2.5,2.4.1,2.50,2.52,2.57,2.58,2.59,2.6.10,2.6.21,2.6.22,2.6.26,2.6.27,2.6.30,2.6.31,2.6.6,2.6.8,2.62"
2018-09-16,Ad Viewed,82,575,"2.59,2.6.10,2.6.20,2.6.21,2.6.26,2.6.27,2.6.30,2.6.31,2.62"
2018-09-16,Level Start,461,4799,"2.0,2.2.5,2.4.1,2.57,2.59,2.6.10,2.6.20,2.6.21,2.6.22,2.6.26,2.6.27,2.6.30,2.6.31,2.6.8,2.62"
2018-09-16,Session Start,454,623,"2.0,2.2.5,2.4.1,2.57,2.59,2.6.10,2.6.20,2.6.21,2.6.22,2.6.26,2.6.27,2.6.30,2.6.31,2.6.8,2.62"
2018-09-17,Ad Viewed,77,507,"2.57,2.59,2.6.10,2.6.21,2.6.27,2.6.30,2.6.31,2.62"
2018-09-17,Level Start,451,5330,"2.52,2.57,2.58,2.59,2.6.10,2.6.21,2.6.22,2.6.25,2.6.26,2.6.27,2.6.30,2.6.31,2.6.8,2.62"
2018-09-17,Session Start,455,650,"2.52,2.57,2.58,2.59,2.6.10,2.6.21,2.6.22,2.6.25,2.6.26,2.6.27,2.6.30,2.6.31,2.6.8,2.62"
2018-09-18,Ad Viewed,44,266,"2.57,2.59,2.6.27,2.6.31,2.62"
2018-09-18,Level Start,451,4958,"2.0,2.2.5,2.3.7,2.4.1,2.41,2.53,2.57,2.59,2.6.10,2.6.21,2.6.22,2.6.25,2.6.26,2.6.27,2.6.29,2.6.30,2.6.31,2.6.8,2.62"
2018-09-18,Session Start,455,657,"2.0,2.2.5,2.3.7,2.4.1,2.41,2.53,2.57,2.59,2.6.10,2.6.21,2.6.22,2.6.25,2.6.26,2.6.27,2.6.29,2.6.30,2.6.31,2.6.8,2.62"
2018-09-19,Ad Viewed,51,184,"2.59,2.6.10,2.6.21,2.6.27,2.6.30,2.6.31,2.62"
2018-09-19,Level Start,462,4056,"2.0,2.2.5,2.3.7,2.4.1,2.57,2.59,2.6.10,2.6.21,2.6.22,2.6.25,2.6.26,2.6.27,2.6.29,2.6.30,2.6.31,2.6.8,2.62"
2018-09-19,Session Start,467,673,"2.0,2.2.5,2.3.7,2.4.1,2.57,2.59,2.6.10,2.6.21,2.6.22,2.6.25,2.6.26,2.6.27,2.6.29,2.6.30,2.6.31,2.6.8,2.62"
2018-09-20,Ad Viewed,57,229,"2.57,2.59,2.6.10,2.6.26,2.6.27,2.6.30,2.6.31,2.62"
2018-09-20,Level Start,440,6116,"2.2.5,2.3.7,2.4.1,2.57,2.59,2.6.10,2.6.22,2.6.24,2.6.25,2.6.26,2.6.27,2.6.29,2.6.30,2.6.31,2.6.8,2.62"
2018-09-20,Session Start,442,679,"2.2.5,2.3.7,2.4.1,2.57,2.59,2.6.10,2.6.22,2.6.24,2.6.25,2.6.26,2.6.27,2.6.29,2.6.30,2.6.31,2.6.8,2.62"
2018-09-21,Ad Viewed,56,221,"2.57,2.59,2.6.10,2.6.21,2.6.27,2.6.30,2.6.31,2.62"
2018-09-21,Level Start,463,4255,"2.2.5,2.3.7,2.4.1,2.5.5,2.52,2.57,2.59,2.6.10,2.6.21,2.6.22,2.6.24,2.6.25,2.6.26,2.6.27,2.6.29,2.6.30,2.6.31,2.6.7,2.6.8,2.62"
2018-09-21,Session Start,468,686,"2.2.5,2.4.1,2.5.5,2.52,2.57,2.59,2.6.10,2.6.21,2.6.22,2.6.24,2.6.25,2.6.26,2.6.27,2.6.29,2.6.30,2.6.31,2.6.7,2.6.8,2.62"
2018-09-22,Ad Viewed,67,232,"2.57,2.59,2.6.10,2.6.21,2.6.26,2.6.27,2.6.31,2.62"
2018-09-22,Level Start,530,4800,"2.2.5,2.3.7,2.4.1,2.41,2.5.5,2.52,2.57,2.58,2.59,2.6.10,2.6.20,2.6.21,2.6.22,2.6.24,2.6.25,2.6.26,2.6.27,2.6.29,2.6.30,2.6.31,2.6.8,2.60,2.62"
2018-09-22,Session Start,536,739,"2.2.5,2.3.7,2.4.1,2.41,2.5.5,2.52,2.57,2.58,2.59,2.6.10,2.6.20,2.6.21,2.6.22,2.6.24,2.6.25,2.6.26,2.6.27,2.6.29,2.6.30,2.6.31,2.6.8,2.60,2.62"
2018-09-23,Ad Viewed,48,177,"2.59,2.6.10,2.6.21,2.6.27,2.6.31,2.62"
2018-09-23,Level Start,500,4151,"2.2.5,2.4.1,2.52,2.57,2.59,2.6.10,2.6.21,2.6.22,2.6.26,2.6.27,2.6.29,2.6.30,2.6.31,2.62"
2018-09-23,Session Start,510,701,"2.2.5,2.4.1,2.52,2.57,2.59,2.6.10,2.6.21,2.6.22,2.6.26,2.6.27,2.6.29,2.6.30,2.6.31,2.62"
2018-09-24,Ad Viewed,61,277,"2.59,2.6.10,2.6.21,2.6.27,2.6.31,2.62"
2018-09-24,Level Start,494,5039,"2.2.5,2.3.7,2.4.1,2.52,2.58,2.59,2.6.10,2.6.21,2.6.22,2.6.25,2.6.26,2.6.27,2.6.29,2.6.30,2.6.31,2.6.8,2.60,2.62"
2018-09-24,Session Start,498,719,"2.2.5,2.3.7,2.4.1,2.52,2.58,2.59,2.6.10,2.6.21,2.6.22,2.6.24,2.6.25,2.6.26,2.6.27,2.6.29,2.6.30,2.6.31,2.6.8,2.60,2.62"
2018-09-25,Ad Viewed,41,142,"2.59,2.6.10,2.6.21,2.6.26,2.6.27,2.6.30,2.6.31,2.62"
2018-09-25,Level Start,451,3830,"2.2.5,2.52,2.57,2.59,2.6.10,2.6.21,2.6.22,2.6.24,2.6.25,2.6.26,2.6.27,2.6.30,2.6.31,2.62"
2018-09-25,Session Start,451,665,"2.2.5,2.48,2.52,2.57,2.59,2.6.10,2.6.21,2.6.22,2.6.24,2.6.25,2.6.26,2.6.27,2.6.30,2.6.31,2.62"
2018-09-26,Ad Viewed,60,203,"2.59,2.6.10,2.6.21,2.6.27,2.6.31,2.62"
2018-09-26,Level Start,457,4918,"2.2.5,2.41,2.51,2.57,2.58,2.59,2.6.10,2.6.21,2.6.22,2.6.24,2.6.26,2.6.27,2.6.30,2.6.31,2.6.8,2.62"
2018-09-26,Session Start,460,665,"2.2.5,2.41,2.51,2.57,2.58,2.59,2.6.10,2.6.21,2.6.22,2.6.24,2.6.26,2.6.27,2.6.30,2.6.31,2.6.8,2.62"
2018-09-27,Ad Viewed,55,198,"2.6.10,2.6.20,2.6.21,2.6.30,2.6.31,2.62"
2018-09-27,Level Start,650,5476,"2.2.5,2.4.1,2.57,2.59,2.6.10,2.6.20,2.6.21,2.6.22,2.6.25,2.6.26,2.6.27,2.6.29,2.6.30,2.6.31,2.6.8,2.62"
2018-09-27,Session Start,659,935,"2.2.5,2.4.1,2.57,2.59,2.6.10,2.6.20,2.6.21,2.6.22,2.6.25,2.6.26,2.6.27,2.6.29,2.6.30,2.6.31,2.6.8,2.62"
2018-09-28,Ad Viewed,52,221,"2.57,2.6.10,2.6.26,2.6.31,2.62"
2018-09-28,Level Start,429,3877,"2.2.5,2.4.1,2.50,2.52,2.57,2.58,2.59,2.6.10,2.6.22,2.6.26,2.6.27,2.6.29,2.6.30,2.6.31,2.6.7,2.6.8,2.62,2.63"
2018-09-28,Session Start,396,521,"2.2.5,2.4.1,2.50,2.52,2.57,2.58,2.59,2.6.10,2.6.22,2.6.26,2.6.27,2.6.29,2.6.30,2.6.31,2.6.7,2.6.8,2.62,2.63"
2018-09-29,Ad Viewed,70,349,"2.59,2.6.26,2.6.27,2.6.30,2.6.31,2.62"
2018-09-29,Level Start,474,4949,"2.2.5,2.4.1,2.41,2.50,2.52,2.57,2.58,2.59,2.6.10,2.6.22,2.6.26,2.6.27,2.6.29,2.6.30,2.6.31,2.62"
2018-09-29,Session Start,460,665,"2.2.5,2.4.1,2.50,2.52,2.57,2.58,2.59,2.6.10,2.6.22,2.6.26,2.6.27,2.6.29,2.6.30,2.6.31,2.62"
2018-09-30,Ad Viewed,77,387,"2.57,2.59,2.6.10,2.6.21,2.6.27,2.6.31,2.62"
2018-09-30,Level Start,498,4380,"2.2.5,2.50,2.53,2.57,2.59,2.6.10,2.6.21,2.6.24,2.6.26,2.6.27,2.6.29,2.6.30,2.6.31,2.6.8,2.60,2.62"
2018-09-30,Session Start,482,678,"2.2.5,2.50,2.53,2.57,2.59,2.6.10,2.6.21,2.6.24,2.6.26,2.6.27,2.6.29,2.6.30,2.6.31,2.6.8,2.60,2.62"
2018-10-01,Ad Viewed,82,406,"2.57,2.59,2.6.10,2.6.27,2.6.30,2.6.31,2.62"
2018-10-01,Level Start,439,6112,"2.2.5,2.4.1,2.41,2.53,2.57,2.58,2.59,2.6.10,2.6.20,2.6.21,2.6.22,2.6.26,2.6.27,2.6.30,2.6.31,2.6.7,2.6.8,2.62"
2018-10-01,Session Start,448,669,"2.2.5,2.4.1,2.41,2.53,2.57,2.58,2.59,2.6.10,2.6.20,2.6.21,2.6.22,2.6.26,2.6.27,2.6.30,2.6.31,2.6.7,2.6.8,2.62"
2018-10-02,Ad Viewed,80,304,"2.57,2.6.10,2.6.26,2.6.30,2.6.31,2.62"
2018-10-02,Level Start,416,4725,"2.50,2.52,2.57,2.58,2.59,2.6.10,2.6.21,2.6.22,2.6.26,2.6.27,2.6.30,2.6.31,2.6.8,2.62,2.63"
2018-10-02,Session Start,439,661,"2.50,2.52,2.57,2.58,2.59,2.6.10,2.6.21,2.6.22,2.6.26,2.6.27,2.6.30,2.6.31,2.6.8,2.62,2.63"
2018-10-03,Ad Viewed,80,416,"2.59,2.6.10,2.6.26,2.6.27,2.6.31,2.62"
2018-10-03,Level Start,420,6561,"2.2.5,2.57,2.59,2.6.10,2.6.22,2.6.26,2.6.27,2.6.30,2.6.31,2.62,2.63"
2018-10-03,Session Start,452,680,"2.2.5,2.57,2.59,2.6.10,2.6.22,2.6.26,2.6.27,2.6.30,2.6.31,2.62,2.63"
2018-10-04,Ad Viewed,17,84,"2.57,2.6.10,2.62"
2018-10-04,Level Start,146,1067,"2.57,2.59,2.6.10,2.6.24,2.6.26,2.6.27,2.6.30,2.6.31,2.62,2.63"
2018-10-04,Session Start,149,169,"2.57,2.59,2.6.10,2.6.24,2.6.26,2.6.27,2.6.30,2.6.31,2.62,2.63"